LINE,TIME,STATION,MAGFIELD,GPSLAT,GPSLON,SIGNAL,RESERVED
,,,,,,,
1,09:17:01,1,51990.5,64.665813,13.149861,6.1,
1,09:18:45,2,51999.6,64.666035,13.149779,6.1,
1,09:20:38,3,51990.9,64.66626,13.149758,6.6,
1,09:21:53,4,51988.1,64.666465,13.149815,6.7,
1,09:22:40,5,52004.7,64.666723,13.149768,6.1,
1,09:23:25,6,52033.8,64.66694,13.149748,6.6,
1,09:24:18,7,52112.7,64.667143,13.149724,6.1,
1,09:25:58,8,52059.8,64.667385,13.149774,5.9,
1,09:26:59,9,51973.3,64.667633,13.149734,6,
1,09:28:02,10,52084,64.667825,13.14974,6.3,
1,09:28:50,11,52153.4,64.66806,13.149781,5.9,
1,09:29:42,12,52135.2,64.668273,13.149726,5.8,
1,09:30:27,13,52149.7,64.668498,13.149723,5.9,
1,09:31:48,14,52108.7,64.668745,13.149663,5.5,
1,09:32:43,15,52108.2,64.668974,13.149661,5.3,
1,09:33:27,16,52240.2,64.669195,13.149611,5.7,
1,09:34:10,17,52239,64.669391,13.149603,5.7,
1,09:35:29,18,52310,64.669639,13.149604,5.6,
1,09:36:45,19,52275.5,64.669855,13.149579,5.8,
1,09:37:31,20,52205.3,64.670063,13.149536,5.9,
1,09:38:14,21,52299.1,64.670295,13.149543,5.5,
1,09:39:22,22,52217.1,64.670506,13.149516,5.9,
1,09:41:53,23,52382.9,64.670746,13.149568,5.7,
1,09:42:54,24,52236.9,64.67098,13.149531,5.8,
1,09:44:46,25,52195.4,64.67118,13.149463,5.7,
1,09:46:30,26,52167.9,64.67142,13.149471,6.3,
1,09:47:36,27,52336.1,64.67165,13.149516,5.5,
1,09:49:32,28,52243.2,64.671859,13.149463,6.3,
1,09:52:08,29,51959.9,64.672085,13.149408,6.5,
1,09:53:08,30,51999,64.672306,13.149421,6.2,
1,09:54:05,31,51995.8,64.67253,13.149411,6.2,
1,09:55:35,32,52018.9,64.67276,13.149373,6,
1,09:56:41,33,52052.7,64.672968,13.149346,5.9,
1,09:57:45,34,52078.8,64.673223,13.14937,6,
1,09:59:36,35,52085.1,64.673443,13.149366,6,
1,10:00:36,36,52104.7,64.673655,13.149328,5.6,
1,10:01:50,37,52132.6,64.673898,13.149285,5.9,
1,10:03:09,38,52149.8,64.674115,13.149296,5.7,
1,10:06:17,39,52150.7,64.674331,13.149238,10.2,
1,10:07:51,40,52075,64.674563,13.149228,9.8,
1,10:09:23,41,52085.7,64.674773,13.149238,10.4,
2,10:19:02,42,52088.4,64.674803,13.149811,10.3,
2,10:20:39,43,52183.4,64.674555,13.149765,11,
2,10:21:50,44,52322.1,64.674338,13.149828,10.6,
2,10:23:29,45,52239.3,64.674121,13.149828,10.3,
2,10:26:08,46,52195.8,64.673903,13.149838,10.1,
2,10:27:06,47,52153.5,64.67367,13.149895,10.2,
2,10:28:44,48,52113.3,64.673453,13.14985,10.4,
2,10:30:44,49,52079.4,64.673208,13.149881,10.7,
2,10:31:55,50,52072.9,64.673008,13.149931,10.2,
2,10:33:23,51,52030.7,64.672773,13.149866,10.4,
2,10:34:36,52,52015.5,64.672559,13.149918,9.9,
2,10:36:48,53,52017.7,64.672306,13.149943,10.7,
2,10:38:28,54,51997.6,64.6721,13.149911,10.3,
2,10:40:58,55,51841.9,64.671864,13.149913,9.9,
2,10:42:17,56,52324.8,64.671656,13.14996,9.6,
2,10:44:02,57,52372,64.671428,13.149981,10.7,
2,10:45:18,58,52262.4,64.671184,13.150011,10.1,
2,10:46:52,59,52056.1,64.670966,13.15005,9.7,
2,10:48:12,60,52317.4,64.670763,13.150008,10.1,
2,10:49:42,61,52378.7,64.670513,13.150083,9.9,
2,10:51:14,62,52299.8,64.670309,13.150031,9.7,
2,10:52:25,63,52284.5,64.670066,13.150115,10.1,
2,10:53:48,64,52301.9,64.669848,13.150109,9.9,
2,10:55:16,65,52224.1,64.669651,13.150143,10.3,
2,10:57:33,66,52287.3,64.669188,13.150161,10.6,
2,10:58:42,67,52109.3,64.668951,13.15017,10.2,
2,10:59:55,68,52093.2,64.668733,13.150208,10.3,
2,11:02:54,69,52183.9,64.668539,13.1502,10.4,
2,11:03:58,70,52078.1,64.668273,13.150203,10.4,
2,11:04:57,71,52091.2,64.668056,13.150221,10.5,
2,11:07:15,72,52007.4,64.667849,13.150235,10.1,
2,11:08:17,73,52188.1,64.667601,13.150268,10.4,
2,11:09:18,74,52075.2,64.667379,13.150293,10.2,
2,11:10:24,75,52133.9,64.667176,13.150293,10.8,
2,11:11:47,76,52029.8,64.666925,13.150261,10.2,
2,11:12:36,77,52002.7,64.666709,13.150341,10.1,
2,11:13:31,78,51973.4,64.666498,13.150348,10.2,
2,11:14:20,79,51999,64.666276,13.15038,10.1,
2,11:15:28,80,52005.4,64.666028,13.150386,10,
2,11:16:26,81,52000.1,64.665803,13.150341,10.2,
3,11:35:50,82,52000.8,64.665863,13.150878,10.1,
3,11:36:35,83,52024.2,64.666053,13.150899,10.4,
3,11:37:24,84,52013.6,64.666275,13.150868,10.2,
3,11:38:39,85,52002.1,64.666515,13.150866,10.5,
3,11:40:13,86,52013.3,64.666731,13.150853,9.6,
3,11:43:00,87,52067.2,64.666966,13.150818,10.3,
3,11:43:51,88,52186.6,64.667176,13.150845,10.2,
3,11:44:38,89,52048.7,64.6674,13.150806,10.3,
3,11:45:23,90,52071.2,64.667638,13.1508,10.7,
3,11:46:12,91,52069.4,64.667846,13.150783,10.1,
3,11:46:57,92,52127.4,64.668066,13.150773,10.1,
3,11:48:16,93,52081.5,64.668303,13.150748,10.1,
3,11:48:55,94,52075.6,64.668533,13.150738,10.5,
3,11:49:37,95,52048,64.668741,13.150718,9.8,
3,11:50:18,96,52378.2,64.668965,13.15069,9.6,
3,11:51:17,97,52281,64.669186,13.150688,10.2,
3,11:52:08,98,52232.7,64.669426,13.150653,10.7,
3,11:52:58,99,52185.2,64.669641,13.15069,10.2,
3,11:53:50,100,52282,64.669856,13.150646,10.4,
3,11:54:56,101,52330.7,64.670093,13.150646,10.5,
3,11:55:43,102,52231.1,64.670318,13.150626,10.4,
3,11:57:57,103,52200,64.670566,13.150588,9.7,
3,11:59:01,104,53209.8,64.67076,13.150593,8.1,
3,11:59:49,105,52244,64.670986,13.150561,9.6,
3,12:01:10,106,52342.8,64.671198,13.150539,10.1,
3,12:02:15,107,52202.5,64.671453,13.150526,10.1,
3,12:03:09,108,52195.8,64.671669,13.150541,10.7,
3,12:05:40,109,51999.2,64.671873,13.150544,10,
3,12:07:11,110,52084.4,64.672145,13.15052,10.1,
3,12:08:11,111,52101.6,64.672323,13.150455,10.1,
3,12:09:04,112,52080.6,64.672553,13.150405,10.7,
3,12:11:12,113,52073.3,64.672773,13.150405,10.4,
3,12:12:29,114,52087.8,64.672999,13.150433,10.2,
3,12:14:30,115,52125.5,64.673228,13.15038,10.3,
3,12:15:56,116,52150.2,64.673455,13.150391,10.3,
3,12:16:57,117,52169.8,64.673655,13.150363,10.5,
3,12:18:18,118,52250.3,64.673886,13.150355,9.9,
3,12:19:37,119,52515.4,64.674135,13.150331,9.5,
3,12:20:15,120,52218.1,64.674333,13.150313,9.7,
3,12:21:07,121,52182.4,64.674559,13.150318,10.4,
3,12:22:22,122,52113.7,64.674803,13.150391,10.3,
4,12:27:23,123,52093.3,64.674805,13.15085,9.6,
4,12:28:50,124,52151.3,64.674576,13.150825,9.8,
4,12:30:11,125,52164.8,64.674328,13.15087,10,
4,12:31:28,126,52185.4,64.674136,13.150943,9.2,
4,12:32:27,127,52193.1,64.673903,13.150945,9.7,
4,12:33:46,128,52206,64.67371,13.150925,9.8,
4,12:35:46,129,52207.1,64.673415,13.150948,9.3,
4,12:36:54,130,52247.8,64.673233,13.151005,10.2,
4,12:38:11,131,52286,64.673011,13.151098,10.5,
4,12:39:42,132,52152.9,64.672779,13.15088,10.6,
4,12:40:28,133,52153.6,64.672575,13.150993,10.1,
4,12:41:53,134,52167.4,64.672351,13.151055,9.5,
4,12:43:20,135,52108.5,64.672068,13.151048,10,
4,12:44:11,136,52121.8,64.671871,13.151068,10.1,
4,12:45:01,137,52269.7,64.671638,13.150956,9.9,
4,12:45:51,138,52348,64.671416,13.151081,10.4,
4,12:46:34,139,52327.3,64.67121,13.151145,10.2,
4,12:47:27,140,52200.2,64.671003,13.151085,9.9,
4,12:50:15,141,52212.9,64.670518,13.151113,10.5,
4,12:51:04,142,52224.8,64.670298,13.151085,9.5,
4,12:51:54,143,52223.1,64.670083,13.151175,10.4,
4,12:52:38,144,52255.4,64.669853,13.151106,10.1,
4,12:53:38,145,52155.9,64.66963,13.15118,10.3,
4,12:54:25,146,52209.2,64.669421,13.151196,9.7,
4,12:55:18,147,52171.8,64.66918,13.151238,10.6,
4,12:56:07,148,52320.2,64.668934,13.15132,10.7,
4,12:56:50,149,52117.8,64.668763,13.151289,10.2,
4,12:57:47,150,51976.2,64.668516,13.151239,10.1,
4,12:58:42,151,51880.3,64.668295,13.151215,10.3,
4,12:59:31,152,52315.2,64.668075,13.151305,10.2,
4,13:00:34,153,52141.7,64.667836,13.151418,10.1,
4,13:01:40,154,52058.9,64.667628,13.151288,10.6,
4,13:02:29,155,52088.7,64.667383,13.151311,10.4,
4,13:03:12,156,52097,64.667181,13.151321,10.2,
4,13:04:05,157,52056.8,64.666938,13.151358,10.3,
4,13:05:05,158,52040.5,64.66673,13.151378,10.3,
4,13:06:21,159,52002.6,64.666521,13.151321,10,
4,13:07:28,160,52043.6,64.666271,13.151443,10.5,
4,13:08:21,161,52022.6,64.66604,13.151444,9.7,
4,13:09:56,162,52011.6,64.66582,13.151483,10,
5,13:13:03,163,52000.9,64.665846,13.151968,9.9,
5,13:16:42,164,52010.1,64.666021,13.151921,9.6,
5,13:18:18,165,52003.5,64.666296,13.151968,10.6,
5,13:20:20,166,52024,64.666526,13.151881,10.3,
5,13:21:48,167,52028,64.666738,13.151926,10.3,
5,13:22:43,168,52084,64.666956,13.151896,10.2,
5,13:23:25,169,52150.1,64.66718,13.151905,10.5,
5,13:24:11,170,52082.6,64.667398,13.151818,10.5,
5,13:25:00,171,52127.5,64.667628,13.151828,10.7,
5,13:25:46,172,52233.1,64.667841,13.151806,10,
5,13:26:35,173,52125.8,64.668096,13.151785,9.9,
5,13:29:32,174,51776.1,64.668306,13.151808,9.2,
5,13:30:15,175,52099,64.668524,13.151746,9.2,
5,13:31:28,176,52350.2,64.668758,13.151743,10,
5,13:32:13,177,52220.1,64.669001,13.151736,10.5,
5,13:33:37,178,52263.9,64.669208,13.151733,10.3,
5,13:34:16,179,52208,64.66941,13.151686,10.4,
5,13:35:32,180,52178.5,64.669643,13.151708,10.5,
5,13:36:18,181,52240.8,64.669884,13.15167,10.3,
5,13:37:02,182,52239.8,64.6701,13.15165,10.5,
5,13:38:10,183,52279.7,64.670319,13.15164,10.1,
5,13:40:39,184,52325.4,64.67057,13.151695,10.4,
5,13:41:29,185,52362.5,64.670773,13.151673,10.4,
5,13:42:16,186,52923.4,64.671016,13.151566,8.8,
5,13:47:09,187,52218,64.671211,13.15156,10.1,
5,13:48:27,188,52741.1,64.671461,13.151563,9.8,
5,13:49:17,189,52116.1,64.671666,13.15156,10.2,
5,13:50:30,190,52135.1,64.671898,13.151538,10.6,
5,13:51:37,191,52285.5,64.672121,13.151515,10.5,
5,13:52:20,192,52246.6,64.672358,13.151506,10.5,
5,13:53:12,193,52206.6,64.672576,13.151473,10.3,
5,13:54:44,194,52162.3,64.672771,13.15144,9.7,
5,13:56:48,195,52352.5,64.673036,13.151481,10.6,
5,13:57:21,196,52220.7,64.673228,13.151451,9.3,
5,13:58:36,197,52234.8,64.673475,13.151433,11,
5,13:59:25,198,52213.9,64.673728,13.151391,9.8,
5,14:00:03,199,52186.4,64.673898,13.151424,10.3,
5,14:03:19,200,52165.1,64.67416,13.151415,10.1,
5,14:05:07,201,52132,64.674368,13.151324,10.2,
5,14:05:58,202,52131.7,64.674618,13.151335,10.2,
5,14:06:34,203,52116.5,64.67483,13.151336,10.1,
6,14:09:07,204,52111.9,64.67481,13.151846,10.4,
6,14:10:13,205,52112.3,64.674573,13.151863,10.3,
6,14:11:11,206,52115.7,64.674365,13.151921,9.9,
6,14:12:17,207,52112,64.674145,13.151905,10.1,
6,14:15:54,208,52166.8,64.673921,13.151955,9.8,
6,14:16:59,209,52208.7,64.673696,13.151938,10,
6,14:18:28,210,52238.5,64.673463,13.151985,10,
6,14:19:28,211,52224,64.673238,13.15198,10.4,
6,14:20:59,212,52178.5,64.672998,13.152043,9.7,
6,14:22:11,213,52153.3,64.672783,13.151991,10.1,
6,14:23:43,214,52160.6,64.672573,13.152046,9.7,
6,14:24:42,215,52312.7,64.672348,13.152071,9.9,
6,14:26:09,216,52412.1,64.67212,13.152063,10,
6,14:27:18,217,52332.7,64.671893,13.152083,10.4,
6,14:28:16,218,52211.4,64.67169,13.15209,10.3,
6,14:29:40,219,52363.7,64.671466,13.152071,9.8,
6,14:30:55,220,52298.9,64.671221,13.152195,9.9,
6,14:32:47,221,52188.4,64.670971,13.152116,9.7,
6,14:33:48,222,52042.3,64.670785,13.15209,10.1,
6,14:37:33,223,52259.3,64.670498,13.15209,9.5,
6,14:39:39,224,52262.9,64.670285,13.152243,10.1,
6,14:40:19,225,52263.9,64.670106,13.152115,9.9,
6,14:41:44,226,52242.2,64.669845,13.152215,10.1,
6,14:43:00,227,52161,64.669634,13.152093,10.5,
6,14:43:42,228,52220.5,64.669425,13.152233,10.5,
6,14:44:51,229,52182.7,64.669186,13.152241,10.4,
6,14:45:34,230,52290.9,64.668973,13.152311,10.1,
6,14:46:23,231,52319.9,64.66876,13.152306,10.5,
6,14:47:00,232,51783.1,64.668533,13.15232,9.9,
6,14:47:48,233,50677.2,64.668306,13.15232,6.5,
6,14:48:45,234,52166.6,64.668075,13.152335,10.6,
6,14:49:26,235,52124.4,64.667856,13.15236,10.2,
6,14:50:50,236,52138.3,64.667628,13.152355,10.3,
6,14:51:52,237,52137.8,64.6674,13.152421,10.6,
6,14:52:28,238,51969.3,64.667198,13.152423,10.1,
6,14:53:12,239,52248.2,64.666943,13.152483,10.4,
6,14:54:01,240,52059.2,64.666748,13.152426,10.2,
6,14:54:46,241,52024,64.66649,13.152418,9.7,
6,14:55:25,242,52016.1,64.666311,13.15243,10,
6,15:00:51,243,52001.3,64.666035,13.152533,10.3,
6,15:02:17,244,52020,64.665818,13.152541,10.7,
,,,,,,,
7,07:50:32,1,52063.1,64.665858,13.15296,10.9,
7,07:51:26,2,52009.9,64.666076,13.153013,10.6,
7,07:56:13,3,52053.3,64.666295,13.152981,10.3,
7,07:57:06,4,52018.3,64.66653,13.152933,10.8,
7,07:57:54,5,52032,64.666726,13.152971,10.7,
7,07:58:55,6,51860.5,64.666986,13.15292,10.4,
7,07:59:49,7,52065.5,64.667215,13.152908,10.2,
7,08:00:34,8,52126.4,64.667433,13.152908,10.2,
7,08:01:18,9,52098.5,64.66765,13.152905,10.8,
7,08:02:05,10,52106.3,64.667855,13.15283,9.9,
7,08:02:46,11,52124.5,64.668093,13.152843,10.2,
7,08:03:39,12,52084,64.668328,13.15283,10.3,
7,08:04:21,13,52621.4,64.668569,13.152801,10.3,
7,08:05:28,14,52363,64.668773,13.15282,10.4,
7,08:06:13,15,52211.9,64.669005,13.152806,9.9,
7,08:06:59,16,52527.4,64.669218,13.152776,10.3,
7,08:07:49,17,52158.7,64.669433,13.152763,11,
7,08:09:04,18,52125.5,64.669648,13.152738,10.5,
7,08:09:52,19,52138,64.669888,13.152741,10.2,
7,08:10:42,20,52205.8,64.670103,13.152761,10.5,
7,08:11:33,21,51460.7,64.670335,13.15271,9.5,
7,08:12:57,22,52133.8,64.670571,13.152688,10.7,
7,08:13:47,23,52239.8,64.670788,13.152668,10.4,
7,08:15:50,24,52225.8,64.671015,13.15269,10.1,
7,08:17:57,25,52360.1,64.67124,13.152656,10.7,
7,08:19:51,26,52437.7,64.671448,13.15264,9.7,
7,08:22:13,27,52312.8,64.671673,13.152625,10,
7,08:25:23,28,52432.8,64.671896,13.152648,10.2,
7,08:26:33,29,52555.3,64.672136,13.152581,9.6,
7,08:27:31,30,52243.2,64.672328,13.15255,10.6,
7,08:29:11,31,52173.1,64.67257,13.15255,9.8,
7,08:30:09,32,52154.1,64.67282,13.152563,10,
7,08:31:00,33,52178.9,64.673033,13.152541,10,
7,08:32:06,34,52212.5,64.67325,13.152483,10.4,
7,08:33:01,35,52212.8,64.673483,13.152515,10.5,
7,08:33:59,36,52185.1,64.673693,13.152481,10.5,
7,08:34:44,37,52151,64.67391,13.152458,10.6,
7,08:35:48,38,52120.2,64.674153,13.152423,10.4,
7,08:36:54,39,52101.6,64.674386,13.15242,11.1,
7,08:37:40,40,52108.3,64.67461,13.152401,10.2,
7,08:38:25,41,52120.8,64.674818,13.152418,10.6,
8,08:40:15,42,52120.3,64.674821,13.152915,10.9,
8,08:41:40,43,52107.3,64.674605,13.152963,10,
8,08:42:58,44,52110.6,64.674386,13.152958,10.4,
8,08:44:07,45,52132,64.67413,13.152941,10.4,
8,08:45:01,46,52154.8,64.673928,13.152968,10.8,
8,08:45:46,47,52179.9,64.673701,13.153006,10.3,
8,08:46:42,48,52196.9,64.673469,13.153025,10.5,
8,08:47:50,49,52187.6,64.673236,13.152991,10.2,
8,08:48:57,50,52153,64.67302,13.15303,9.7,
8,08:49:57,51,52132.6,64.672806,13.153061,10.2,
8,08:50:46,52,52136.3,64.67257,13.153058,10.6,
8,08:52:51,53,52139.1,64.672341,13.15309,10.6,
8,08:54:26,54,52208.8,64.672166,13.153121,10.6,
8,08:55:25,55,52349.4,64.671915,13.1531,9.6,
8,08:56:21,56,52899.8,64.67169,13.153116,8.9,
8,08:58:12,57,52380.5,64.671448,13.153111,10.1,
8,08:59:09,58,52450.8,64.671224,13.153163,10.1,
8,09:00:13,59,52279.3,64.671028,13.153191,9.8,
8,09:01:39,60,52283.6,64.670798,13.153223,10.4,
8,09:02:29,61,52147.5,64.670559,13.153213,9.9,
8,09:04:13,62,53798.9,64.67038,13.153176,6.4,
8,09:06:18,63,52217.9,64.670126,13.153246,10.3,
8,09:07:23,64,52192.7,64.6699,13.15326,10.1,
8,09:08:59,65,52119.5,64.669726,13.153233,10.1,
8,09:10:12,66,52261.9,64.669441,13.153328,10.3,
8,09:11:10,67,52100.6,64.669199,13.153278,9.8,
8,09:11:48,68,52238.4,64.668986,13.153293,10.3,
8,09:12:21,69,52281.3,64.66876,13.153331,9.9,
8,09:12:54,70,52299.1,64.668531,13.15336,10.5,
8,09:13:37,71,52277.7,64.668325,13.153361,10,
8,09:14:21,72,52186.8,64.668101,13.153358,10.4,
8,09:15:15,73,52111.3,64.667871,13.15336,10.2,
8,09:15:59,74,52077.7,64.667656,13.153413,10.5,
8,09:16:47,75,52137.9,64.667421,13.153433,10.1,
8,09:17:41,76,52059.3,64.667206,13.153418,10.2,
8,09:18:40,77,52060,64.666978,13.153486,10.1,
8,09:19:50,78,52029.1,64.66675,13.153418,9.3,
8,09:20:41,79,52026.4,64.666516,13.153483,10.1,
8,09:21:43,80,52025.3,64.666291,13.15351,10.5,
8,09:23:24,81,52017.9,64.66612,13.153518,10.1,
8,09:26:19,82,52027,64.665838,13.153533,10.2,
9,09:30:12,83,52011.6,64.665873,13.154063,10.1,
9,09:32:44,84,52019.5,64.666091,13.154079,10.4,
9,09:34:02,85,52021.4,64.666326,13.153996,9.4,
9,09:35:28,86,52012,64.66657,13.15397,10.4,
9,09:36:15,87,52042.7,64.666768,13.154021,10.9,
9,09:37:17,88,52051.5,64.667003,13.153986,10.1,
9,09:38:17,89,52061.7,64.6671,13.154005,9.9,
9,09:39:00,90,52049.9,64.667448,13.154006,10.4,
9,09:39:43,91,52063,64.667664,13.153921,10.3,
9,09:40:35,92,52138,64.667876,13.153953,10.4,
9,09:41:30,93,52310.5,64.668113,13.153888,9.9,
9,09:42:15,94,52321.1,64.66833,13.15383,10,
9,09:42:59,95,52272.2,64.668566,13.153924,10.5,
9,09:43:34,96,52169.4,64.668788,13.15381,10.2,
9,09:44:32,97,52129.4,64.669016,13.153811,9.8,
9,09:45:11,98,52381.7,64.669226,13.153845,10,
9,09:45:51,99,52120.5,64.669436,13.15381,10.3,
9,09:47:15,100,52121.6,64.669668,13.153816,10.9,
9,09:49:17,101,52098.7,64.669891,13.153816,10.5,
9,09:50:46,102,52173.3,64.67012,13.153765,9.8,
9,09:53:00,103,51997,64.670331,13.153736,10.3,
9,09:55:19,104,52200.9,64.670576,13.1538,10.4,
9,09:56:05,105,52207.3,64.6708,13.153711,9.9,
9,09:57:45,106,52221.9,64.671016,13.153691,10.4,
9,09:59:22,107,52312.1,64.671248,13.153633,10.4,
9,09:59:59,108,52464.5,64.671471,13.153666,10.1,
9,10:02:01,109,52125.3,64.671695,13.153641,10.4,
9,10:02:45,110,52206.3,64.671926,13.153651,10.2,
9,10:03:23,111,52147.7,64.672133,13.153665,10.3,
9,10:04:02,112,52092.8,64.672386,13.153615,10.2,
9,10:05:25,113,52142.5,64.672593,13.153558,10,
9,10:06:33,114,52106.6,64.672823,13.153581,9.7,
9,10:07:26,115,52130.8,64.673055,13.153566,10.1,
9,10:08:16,116,52160,64.673258,13.153556,9.9,
9,10:09:03,117,52179.9,64.6735,13.153516,10.1,
9,10:10:01,118,52183.7,64.673726,13.153518,9.9,
9,10:10:38,119,52146.6,64.673941,13.153505,10.3,
9,10:11:17,120,52123.9,64.674165,13.153485,10.1,
9,10:12:00,121,52112.1,64.674383,13.153495,10.2,
9,10:13:04,122,52113.3,64.674605,13.153471,9.8,
9,10:14:27,123,52156.8,64.674828,13.153428,9.9,
10,10:26:55,124,52070.1,64.674856,13.153955,10.1,
10,10:29:04,125,52104.2,64.67463,13.15397,10.6,
10,10:31:24,126,52088.9,64.674361,13.153963,10.2,
10,10:35:27,127,52223.1,64.674155,13.154063,10,
10,10:36:39,128,52141.2,64.673945,13.154051,9.7,
10,10:38:32,129,52207,64.673685,13.154096,9.6,
10,10:39:39,130,52182.6,64.6735,13.154088,10.5,
10,10:40:55,131,52148.9,64.673258,13.154083,9.7,
10,10:42:45,132,52119,64.67305,13.154074,10.1,
10,10:44:15,133,52129.9,64.672801,13.154055,10.2,
10,10:45:53,134,52132.5,64.672595,13.154108,10.2,
10,10:47:53,135,52129.3,64.672358,13.154113,10.2,
10,10:48:58,136,52160.1,64.672161,13.154136,9.8,
10,10:50:11,137,52170.3,64.671893,13.154225,10.2,
10,10:51:30,138,52316.2,64.671709,13.154135,9.8,
10,10:53:45,139,52366.5,64.671455,13.154173,9.5,
10,10:54:58,140,52311,64.671271,13.154101,10.1,
10,10:56:40,141,52274.6,64.671021,13.154283,10.6,
10,10:58:46,142,52165.5,64.670768,13.15432,10.1,
10,11:00:21,143,52232.3,64.670585,13.154335,10.1,
10,11:01:45,144,51868,64.670383,13.154286,9.9,
10,11:05:27,145,52169.2,64.670128,13.154201,10.1,
10,11:08:19,146,52095.2,64.669918,13.154239,9.8,
10,11:11:58,147,52061.2,64.66969,13.154295,9.5,
10,11:16:13,148,51989.5,64.669443,13.154273,9.5,
10,11:17:52,149,52251,64.669213,13.154365,9.6,
10,11:18:55,150,52536.3,64.668998,13.154411,9.5,
10,11:19:56,151,52192.1,64.668788,13.154483,10.2,
10,11:21:00,152,52372.8,64.668584,13.15446,10,
10,11:22:23,153,52248.3,64.66833,13.154465,9.8,
10,11:23:49,154,52176.5,64.668118,13.154455,9.9,
10,11:25:54,155,52114.4,64.66791,13.154445,9.9,
10,11:28:01,156,52056.4,64.667681,13.154195,9.7,
10,11:30:04,157,52050.1,64.667426,13.154421,10,
10,11:31:53,158,52048.8,64.667198,13.15448,10.2,
10,11:33:32,159,52028.7,64.666993,13.154591,9.5,
10,11:34:48,160,52050.7,64.666801,13.154951,10.3,
10,11:37:47,161,52013.4,64.666546,13.154566,10.1,
10,11:39:41,162,52017.4,64.666295,13.154601,9.9,
10,11:40:53,163,51997,64.666091,13.154591,9.7,
10,11:43:04,164,51982.1,64.665863,13.154656,10.2,
11,12:24:39,165,51970.3,64.665861,13.155071,10,
11,12:25:20,166,51973.5,64.666101,13.155041,9.9,
11,12:26:05,167,51994.1,64.666313,13.155023,10.4,
11,12:26:53,168,51982.2,64.666568,13.155096,10.5,
11,12:27:43,169,52020.8,64.666768,13.155043,10.5,
11,12:28:29,170,52121,64.667025,13.155008,9.7,
11,12:29:06,171,52000.4,64.667226,13.15501,10.4,
11,12:30:00,172,52040.3,64.667451,13.155,10.2,
11,12:30:40,173,52210.4,64.667636,13.154948,10.6,
11,12:32:09,174,52113,64.667888,13.155006,9.4,
11,12:33:01,175,52139.9,64.668093,13.154981,10,
11,12:34:06,176,51907.2,64.66835,13.154956,10.6,
11,12:35:14,177,52407.1,64.668558,13.154918,9.4,
11,12:36:26,178,52068.9,64.6688,13.154908,10.1,
11,12:38:13,179,52125.5,64.669011,13.15491,9.3,
11,12:39:26,180,52100.2,64.669228,13.154848,8.9,
11,12:42:36,181,52039,64.669465,13.154876,10.7,
11,12:43:53,182,52177.1,64.66968,13.154831,10.3,
11,12:45:01,183,52070.3,64.669926,13.154853,9.9,
11,12:48:00,184,52452.7,64.670156,13.154753,10.2,
11,12:50:18,185,52092.6,64.670381,13.154779,9.7,
11,12:51:33,186,52167.5,64.670581,13.154803,10.9,
11,12:52:30,187,52271.8,64.670825,13.154745,9.3,
11,12:53:11,188,52366.1,64.67103,13.154735,10.1,
11,12:54:05,189,52298.1,64.671266,13.154751,9.9,
11,12:54:57,190,52308.2,64.671476,13.15467,10,
11,12:56:09,191,52110.3,64.671705,13.1547,10.7,
11,12:57:01,192,52143,64.671919,13.154678,9.6,
11,12:57:42,193,52170.4,64.672163,13.154678,10.6,
11,12:58:22,194,52116.6,64.672386,13.154643,10.4,
11,12:58:55,195,52231.9,64.672611,13.154646,10.1,
11,12:59:45,196,52261.6,64.67282,13.154649,9.6,
11,13:00:52,197,52112,64.673056,13.154624,10.7,
11,13:01:59,198,52249.1,64.673284,13.154586,10.4,
11,13:02:55,199,52172.7,64.673506,13.154583,10.4,
11,13:03:42,200,52229.5,64.673756,13.154609,9.7,
11,13:04:27,201,51943.7,64.673945,13.154576,10.5,
11,13:05:15,202,52074.7,64.674171,13.154545,10.2,
11,13:06:05,203,52101.8,64.67439,13.154523,9.5,
11,13:07:01,204,51993.6,64.674586,13.15448,9.9,
11,13:09:59,205,52007.5,64.674823,13.154493,10.5,
12,13:11:47,206,52075.6,64.674841,13.155016,10,
12,13:14:12,207,52102.5,64.674631,13.155033,10.1,
12,13:16:24,208,52083.6,64.674405,13.155028,9.8,
12,13:17:31,209,52165,64.674169,13.155038,9.6,
12,13:18:29,210,52189.3,64.673965,13.155066,10,
12,13:19:22,211,52216.7,64.673738,13.155075,9.7,
12,13:20:35,212,52395.7,64.673485,13.155113,10.2,
12,13:21:33,213,52438.6,64.673293,13.155098,10,
12,13:22:43,214,52325.5,64.673041,13.155103,10,
12,13:24:37,215,52278.7,64.672803,13.155175,9.5,
12,13:25:24,216,52259.6,64.672621,13.15513,10.3,
12,13:26:17,217,52175.9,64.672406,13.15519,9.6,
12,13:28:03,218,52168.6,64.672168,13.155176,10,
12,13:29:04,219,52173.6,64.671938,13.15524,10.1,
12,13:30:30,220,52145.3,64.671716,13.155191,10.2,
12,13:31:32,221,52306.5,64.67149,13.155231,9.2,
12,13:32:43,222,52293.3,64.67127,13.155243,10,
12,13:33:50,223,52300.5,64.671046,13.155275,9.8,
12,13:34:44,224,52282.1,64.670811,13.155288,10.1,
12,13:35:56,225,52227.3,64.670608,13.155318,9.9,
12,13:37:08,226,52194.9,64.670386,13.155303,9.7,
12,13:38:05,227,52161.1,64.670141,13.155336,9.9,
12,13:39:08,228,52081.6,64.66993,13.155346,10.2,
12,13:40:03,229,52296,64.669693,13.155368,9.9,
12,13:41:10,230,52543.6,64.669481,13.155378,9.8,
12,13:43:05,231,51842.2,64.669235,13.15541,10.3,
12,13:44:29,232,52301.2,64.668981,13.155391,10.5,
12,13:45:14,233,52253.6,64.668786,13.15549,10,
12,13:46:09,234,52434.1,64.668591,13.155415,9.8,
12,13:47:56,235,52215.3,64.668353,13.15547,10,
12,13:49:28,236,52045.5,64.668093,13.155466,10.2,
12,13:51:04,237,52115,64.667895,13.155436,10,
12,13:52:38,238,51996.2,64.667666,13.155501,10,
12,13:53:51,239,52032.5,64.667435,13.155535,10.1,
12,13:54:50,240,51967,64.667226,13.155516,10.5,
12,13:55:55,241,52230.1,64.667006,13.155561,10,
12,13:56:53,242,52041.9,64.666785,13.155598,10.1,
12,13:57:54,243,51982.8,64.666551,13.15557,9.8,
12,13:58:47,244,51983,64.666348,13.155583,10.3,
12,13:59:43,244,52027.1,64.66612,13.15558,10.3,
12,14:00:46,245,51961.6,64.665885,13.155649,10,
13,14:08:42,246,51964.1,64.665878,13.15615,10.1,
13,14:10:14,247,51975.6,64.666125,13.156143,9.9,
13,14:12:54,248,51980.6,64.666356,13.156101,9.9,
13,14:14:07,249,52045.7,64.666583,13.15611,10.1,
13,14:15:28,250,51952.4,64.666788,13.15606,10.5,
13,14:17:56,251,52174.3,64.667023,13.156018,10.3,
13,14:19:19,252,51990.5,64.667221,13.15608,10.2,
13,14:26:30,253,52014.5,64.66744,13.156043,10.3,
13,14:28:52,254,52046.2,64.667655,13.156,10.1,
13,14:32:37,255,52058.5,64.66791,13.155951,10.6,
13,14:35:18,256,52099.3,64.668121,13.155976,10.7,
13,14:39:19,257,52192.3,64.668349,13.155985,9.7,
13,14:40:10,258,52701.6,64.668564,13.155965,9.9,
13,14:41:34,259,52392.3,64.668798,13.155911,10.2,
13,14:43:01,260,51671.6,64.669015,13.155973,9.2,
13,14:44:28,261,51967.9,64.669235,13.155938,10.1,
13,14:45:18,262,51947.3,64.669461,13.155915,10.4,
13,14:47:25,263,52044.6,64.669686,13.155928,11,
13,14:49:18,264,52158.6,64.669923,13.155861,10.3,
13,14:50:47,265,52121.3,64.670156,13.155858,10.1,
13,14:51:33,266,52158.9,64.670353,13.155833,10,
13,14:52:27,267,52235.9,64.670581,13.155871,10.2,
13,14:53:58,268,52261.5,64.670805,13.155858,10.7,
13,14:55:38,269,52303.9,64.671058,13.15579,10.5,
13,14:57:31,270,52402.3,64.671251,13.155718,10.6,
13,14:58:44,271,52149.6,64.671515,13.155756,10.4,
13,14:59:27,272,52156.5,64.671696,13.1558,10.5,
13,15:00:26,273,52139.9,64.67193,13.15578,10.1,
13,15:01:28,274,52193.6,64.672163,13.155723,9.8,
13,15:02:17,275,52240.4,64.6724,13.155708,10.4,
13,15:03:08,276,52307,64.672615,13.155648,10.3,
13,15:04:12,277,52431,64.672826,13.155606,9.9,
13,15:05:16,278,51799,64.673043,13.15562,9.7,
13,15:06:54,279,52086.8,64.673291,13.155688,10.4,
13,15:08:52,280,52185.8,64.673533,13.155658,9.6,
13,15:10:50,281,52145.2,64.673726,13.1556,10,
13,15:11:50,282,52097.9,64.67395,13.155583,9.8,
13,15:12:53,283,52099.5,64.674201,13.155568,10,
13,15:13:36,284,52117.5,64.674425,13.155541,10.1,
13,15:14:40,285,52183.9,64.674648,13.155495,10.1,
13,15:16:05,286,51966.3,64.674851,13.155538,10.1,
